theta,omega
-0.998946978955,0.110244857508
-1.805520203927,-1.037179818123
-1.730240589222,0.467421828177
-1.111963444885,0.075143347783
0.083213548263,-1.823101521751
2.910373295431,-0.962848785868
-2.991150459426,-0.397235306307
-3.102345866068,-0.837140814316
-1.206275485643,0.539172292772
-1.410636865300,0.539764135409
-0.874833637008,0.239785852861
-2.659135838997,-0.805557494975
-3.094338480383,-0.836928688833
-0.887062637569,0.359255959766
-2.543748490509,-0.808518463323
-2.631007823872,-0.787509661807
-2.952477121942,-0.811277546502
-2.632415299293,-0.375274675184
3.019087859045,-0.488439195575
-2.169777560435,-0.146641904548
-0.975855828539,0.117316493858
-2.011944782356,-0.942103056257
-2.259859758867,0.216204795443
-1.191809431546,0.048099680477
2.731096645812,-0.709741728084
-3.121479731676,-0.492291602096
-3.060953922752,-0.661366031837
-2.697067853002,-0.414222899118
-0.585691773519,-1.656225894689
-2.242326694314,-0.857732725527
0.848819016375,-1.765305233751
2.456660584917,-1.133157512920
-3.030322159873,-0.450323557308
3.042331070050,-0.847418476466
2.285955045775,-1.166478664716
3.117524789641,-0.554836211837
-2.553378740056,-0.330320740065
-1.174328791774,0.542933928098
-1.845607775127,0.422096614618
-1.173846427018,0.058487536554
2.134370077217,-1.143051312629
3.028984497174,-0.623135078801
-0.942349579500,0.169703181597
-2.259626581255,-0.856442857090
0.397487478295,-1.830573962309
2.637774214027,-1.073146834734
-2.889811611170,-0.341575871976
-2.374278832148,-0.816540222860
-1.206073356215,-1.360024937710
1.846006096138,-1.328182288983
2.771686213141,-0.827826480977
-2.979502120956,-0.389791518220
-3.048084098618,-0.826975522544
-1.570178960498,0.012224273196
-0.868830613541,0.243647069960
-2.690318806952,-0.806469130696
3.111584511972,-0.850698315120
2.285125954396,-1.255152329287
3.069844310853,-0.592927206547
-1.830686654793,-0.038724878833
-0.973518848829,0.125507370591
-2.030243198232,-0.934594308143
-2.374823170741,0.146721066142
-1.125293404440,0.060936013812
0.456367808903,-1.828749811514
2.601790221997,-1.087590770649
-2.914972231890,-0.361298147815
-2.648720586605,-0.786446522837
-3.013355617686,-0.821660960453
-2.032263601126,-0.096324452189
-1.004299080233,0.105858212404
-1.753275427776,-1.063691608685
-1.724139298727,0.469436420284
-1.108000876684,0.076326929746
-0.023810602635,-1.809785505294
3.034358371633,-0.917406555824
2.679714695313,-0.858473867076
-2.879355541831,-0.323343116224
-2.166203167891,-0.873805512253
2.583964748326,-0.819565989085
-2.880534352333,-0.326841805459
-2.201901472860,-0.862007169028
1.926191081523,-1.278088436498
2.836858444800,-0.775491084166
3.028339101381,-0.591444921879
-1.307276353766,0.049800171953
-1.357572571793,0.544817767211
-0.865613626114,0.310848125778
-2.688754472355,-0.806520672669
3.114703814257,-0.850222018745
2.323210159101,-1.239197932970
3.104313035892,-0.566006771518
-2.379474487095,-0.239283638856
-0.862957404230,0.219791519176
-2.724468290272,-0.808210670178
3.055499078425,-0.855048373922
2.252477544104,-1.194004243569
3.080291585251,-0.584011210887
-2.021623483475,-0.093021393723
-1.004594572866,0.105926916863
-1.750272721123,-1.065239342759
-1.724854969666,0.469189818484
-1.108463104958,0.076187787047
-0.011524967706,-1.811575791186
3.019248271942,-0.922681196350
2.789681861136,-0.773499420152
-3.117314206439,-0.489002341392
-3.084297333467,-0.679216956186
-2.421025404631,-0.259789253444
-0.847396680014,0.269844993728
-2.794201712125,-0.814457339384
3.050805094086,-0.807904312454
2.166722984748,-1.285576793280
2.976302092427,-0.666182747666
2.510177814308,-1.154789781356
-3.004173406770,-0.430588831343
3.089986900797,-0.851640656527
2.169426341011,-1.288353295115
2.976593201610,-0.665994616793
2.518801180980,-1.150808865575
-2.996303583454,-0.424516018581
3.114330027752,-0.848631435474
2.334365068204,-1.234391227332
3.114565351137,-0.558013411255
-2.512280265505,-0.307712992467
-0.939540904086,0.452663678114
-2.077633607512,-0.916285927872
-2.773673355254,-0.122260611604
-1.369962210444,0.547955143458
-0.864701389479,0.290083609479
-2.700602362711,-0.806998861181
3.091276709171,-0.853435304750
2.169173259345,-1.288253170164
2.976483980131,-0.666078538223
2.515335819868,-1.152408806884
-2.999459598334,-0.426951356470
3.104023445454,-0.850046687827
2.227466584927,-1.277080789885
3.019874306463,-0.632072267286
-0.973716455973,0.459421867460
-1.725674862078,-1.078298422512
-1.736881187712,0.465033747736
-1.116127819557,0.073915929560
0.199827738881,-1.831702410868
2.794118561074,-1.008970657959
-2.846251587536,-0.301137010803
-1.593051685443,-1.143260183666
-1.882929503264,0.408312228461
-1.190169230843,0.054546174247
2.691049624100,-0.740101974730
-2.991934986332,-0.399036684906
-3.108597220423,-0.838303520893
-2.549371838411,0.031630510169
-0.950954403767,0.126662486694
-2.203733131332,-0.872488904474
1.556952546806,-1.490815050072
2.585695255583,-0.980678718603
-2.889999018230,-0.340050716175
-2.366280135485,-0.818207582389
-1.107438280163,-1.413402561788
0.733273529273,-1.791367583770
2.482060259556,-1.129412046997
-3.011003931975,-0.435483793437
3.072980248578,-0.852747759552
2.181848419093,-1.258184613163
3.000086315271,-0.647232932063
-2.073865427983,-0.919459953856
-2.770909309312,-0.120280299952
-1.324244599962,0.550582168441
-0.881583550716,0.364637223876
-2.573215025393,-0.806894285339
-2.773781850638,-0.790568309164
3.033462938501,-0.843484571894
2.315462108420,-1.142717074011
-3.132936579781,-0.529271590104
-2.884200026068,-0.535039412301
-3.112122722326,-0.839399401638
1.854465468626,-1.324085933061
2.777819866486,-0.822896118621
-2.996310722800,-0.401601984766
-3.125879350287,-0.841456555271
-2.076560848003,-0.918451924703
-2.798205272594,-0.139908896643
-1.983932161766,0.363661485521
-1.219612085741,0.047345508632
-2.732222223331,-0.093982555441
-0.962512795934,0.469634885386
-1.828958069304,-1.025878680723
-1.747620909336,0.461405019171
-1.122856066956,0.071975880260
0.397084821476,-1.832107857104
2.638892638642,-1.072671802392
-2.889075175561,-0.340993555026
-2.365126168475,-0.818453157956
-1.092821679628,-1.421170898267
0.576349706013,-1.816393813687
2.539125437947,-1.111490569913
-2.964190542403,-0.399418922925
-3.022068544413,-0.822235834550
-1.933156031397,-0.065657906548
-0.998762836718,0.110367129030
-1.807287605189,-1.036297365818
-1.731085463773,0.467134233682
-1.112504285114,0.074983079319
0.098119463291,-1.824545682149
2.894444143509,-0.969003048430
-2.954311479105,-0.371420348372
-2.893167790796,-0.801715005112
-3.004388778313,-0.618768087449
-3.119403651972,-0.706412416667
-1.871456492298,-0.048881214290
-0.985676831656,0.118094840096
-1.927464652133,-0.978886546467
-1.911742925366,0.396193109761
-1.200557927257,0.052052720546
3.019321626749,-0.489592274793
-2.163284779122,-0.144083523438
-0.978186698331,0.116192890528
-1.992549053748,-0.950251740008
-2.155986340741,0.275061341335
-1.222168475195,0.044107501666
-2.673422747963,-0.052594015267
-0.844699637098,0.297280062927
-2.800827452202,-0.815264555241
3.059268099261,-0.798342615786
2.212898437987,-1.281741888555
3.007931305707,-0.641443299218
0.374739449054,-1.833502597123
2.654305752183,-1.066381438818
-2.879393406258,-0.333303458449
-2.237512649955,-0.851026090244
1.187517931105,-1.658386009855
2.459408908503,-1.098117769445
-3.011199357344,-0.435220514742
3.073002536856,-0.852745560076
2.181790625745,-1.258247609704
3.000016472104,-0.647288273615
-2.084541585185,-0.915417886961
-2.880956682378,-0.200136455006
-0.627764499217,-1.639718648158
-2.128093924692,-0.894301906774
2.983107987485,-0.516123688063
-1.521461060161,0.019355211170
-0.861019508426,0.288930455506
-2.720304052001,-0.808069535011
3.060508842877,-0.855287845491
2.231122583829,-1.212103819763
3.056453908475,-0.602743210124
-1.571378723337,0.011885327105
-0.869147770877,0.242701011472
-2.688828945077,-0.806408483553
3.114738077738,-0.850216230961
2.323671840741,-1.239000054228
3.104736101830,-0.565676796243
-2.385208234723,-0.242087734333
-0.860098642559,0.225753030814
-2.738259758923,-0.809172967191
3.042123524652,-0.852459910161
2.309007333123,-1.147872179466
-3.140077497100,-0.534844330026
-2.822048910657,-0.493582890464
-2.730172517093,-0.787692176280
3.069251028497,-0.855088139684
2.197789113401,-1.242077298029
3.018784768803,-0.632439518711
-1.029281184702,0.491340385612
-0.735876113342,-1.597757944846
-1.780933361562,-1.047213158555
-1.706118178041,0.475483161007
-1.096075252004,0.080004013758
-0.322845296650,-1.745775700211
-2.802429452556,-0.809793795762
3.055959171350,-0.802012674963
2.185151658394,-1.288547383767
2.986511430917,-0.658250405761
2.953023858042,-0.960833352856
-3.092970789884,-0.470530284317
3.096382123907,-0.763920416009
-1.908822442043,-0.989285675236
-1.883029596676,0.408623165656
-1.190386934097,0.054502011036
2.698188830732,-0.734697549370
-3.010132863808,-0.411854644226
3.106789715635,-0.849618643929
2.250166414048,-1.268902084478
3.039144721119,-0.616961481470
-1.161509575299,0.076730495019
1.729733588218,-1.397469284383
2.687446166291,-0.896188924910
-2.866578778634,-0.315586477703
-1.981878466927,-0.946135188862
-1.999367171008,0.355792750263
-1.222078350861,0.046652336102
-2.670704558617,-0.050698248385
-0.844461790913,0.290962345310
-2.803692157166,-0.815589598352
3.063424092095,-0.793931623683
2.268485513311,-1.261776727853
3.055129390400,-0.604440303230
-1.536050617704,0.017262756050
-0.861999432018,0.274239953309
-2.719228164751,-0.807978603088
3.061937578021,-0.855313262009
2.225279472863,-1.217166908048
3.049908257419,-0.607894673319
-1.427119523282,0.032720548844
-0.908231196648,0.409292530601
-2.369872304026,-0.831195298373
-1.331709569336,-1.290237918809
3.101242784648,-0.426373241479
-3.028736529688,-0.637430692660
-2.975976612882,-0.598667271879
3.067651381056,-0.790925901271
2.339411464775,-1.232159932668
3.119244729592,-0.554366798548
-2.568729657509,-0.338931775155
-1.343482274526,0.549512382757
-0.869371260548,0.331270147650
-2.660077244820,-0.805725700996
-3.097348485087,-0.837503145339
-0.952228459278,0.442999514642
-1.977251699365,-0.957134752390
-2.089496226686,0.310573899823
-1.228450503834,0.044069664304
-2.520838220863,0.051344136790
-0.984688915413,0.108199907810
-1.937523488445,-0.974327702291
-1.940683948461,0.383245835284
-1.209268743911,0.049938346279
-3.008806840228,-0.296205351983
-2.865845173803,-0.798158366484
-3.113146097392,-0.700897290011
-1.988442048900,-0.082315435660
-1.004305862125,0.106700300003
-1.753046707536,-1.063810159475
-1.724195046746,0.469417228971
-1.108036914081,0.076316072818
-0.022854638761,-1.809927233381
3.033174273824,-0.917816974417
2.688627760997,-0.851575853386
-2.885760653318,-0.327170339706
-2.248681900425,-0.847738815577
0.950383522418,-1.738252958916
2.445742515575,-1.129803958462
-3.036174403091,-0.454762859261
3.038659791909,-0.843047258340
2.286171675285,-1.166310439108
3.117761377283,-0.554651196521
-2.556204210590,-0.331899008704
-1.200915270881,0.546272360739
-1.446856339304,0.535192923206
-0.895097467686,0.202555980180
-2.553053405117,-0.807693589555
-2.676781476097,-0.787038106030
-3.101471901190,-0.838226825826
-1.205975507329,0.539137132348
-1.413982133533,0.539390347169
-0.876362591365,0.235993172888
-2.651628576061,-0.805437441688
-3.072333561890,-0.832723914482
-1.145955733851,0.080566972923
1.177663891853,-1.663390557748
2.457736698687,-1.100218712315
-3.013349061156,-0.436894188771
3.068183738129,-0.852801857773
2.195216022259,-1.244557003687
3.015817252289,-0.634784629269
-1.419576454849,0.537395940434
-0.878817172059,0.230399723815
-2.639364478177,-0.805329909335
-3.033715627887,-0.825437880747
-1.768752045209,-0.024295901662
-0.950726256400,0.140864230640
-2.204084215098,-0.872399111959
1.549215490614,-1.494820589405
2.581760395470,-0.984020908743
-2.892682040122,-0.342231404765
-2.399618094824,-0.811546019767
-1.488533504743,-1.201952832974
-2.219172378992,0.239271053415
-1.206561078791,0.045934139750
-3.095884569633,-0.361751020179
3.046154202671,-0.848433376310
2.270985316599,-1.178696111188
3.100886294676,-0.567861696470
-2.337815643678,-0.219330148388
-0.886941466711,0.183883423379
-2.600930677900,-0.805653727594
-2.892302144178,-0.802507715673
-3.005405849081,-0.619504506106
-3.114650392088,-0.702620331913
-1.957564055344,-0.072895559309
-1.001937246110,0.108394660677
-1.776466683215,-1.051824749200
-1.722455965341,0.470035588192
-1.106920405503,0.076653422229
-0.052324090432,-1.805370548255
3.070331170662,-0.905184637402
2.398549670926,-1.076960645352
-3.042184607011,-0.458675595833
3.037624083510,-0.837461113260
2.268197046703,-1.181007724366
3.097774143634,-0.570300347463
-2.293690947114,-0.199010247636
-0.914134581386,0.156942778645
-2.445397192736,-0.818305084491
-2.019984737495,-0.930221541456
-2.183877639659,0.259663143125
-1.216578962943,0.044662259621
-2.817296326281,-0.154981265787
-2.878977053748,-0.198426953725
-0.535423683533,-1.674930597948
-2.367868159485,-0.827422059006
-1.256246042295,-1.332348636700
2.391070240250,-0.962183467816
-2.993786502706,-0.420016872268
3.127636644402,-0.846585652126
2.596053872731,-1.115243202960
-2.929323753699,-0.372747183300
-2.778745867760,-0.790118237678
3.033146731481,-0.840627390615
2.304420248119,-1.151575262479
3.138012934588,-0.538822525406
-2.774352350827,-0.462703771331
-2.251108036464,-0.847185103075
0.894692303034,-1.753630054880
2.450451491044,-1.132402554150
-3.034229190319,-0.453306463168
3.039583790544,-0.844644204610
2.288231857161,-1.164635936666
3.120051219104,-0.552860073296
-2.583216684907,-0.347142049997
-1.572724345393,0.514428006031
-0.995138564338,0.120825950439
-1.840090899623,-1.020112729855
-1.755108461335,0.458759357557
-1.127401088657,0.070690242182
0.536315409171,-1.821695171199
2.558377616483,-1.104401036439
-2.948574663357,-0.387359490434
-2.923904894161,-0.806017762977
-2.838075221399,-0.503698565670
-2.850417107611,-0.796802532044
3.124663050781,-0.737887119031
-0.987872470545,0.138913726995
-1.903641439048,-0.989850146930
-1.853405877585,0.421022051070
-1.178338567553,0.057426199960
2.291412541307,-1.034168616586
-3.093484501461,-0.497479611168
-3.136262947640,-0.720435027166
-1.524151797847,0.019098065725
-0.861096417256,0.286111147908
-2.720718615773,-0.808090181195
3.059981836375,-0.855274043197
2.233310927027,-1.210221822787
3.058902040456,-0.600817401762
-1.622770356948,0.003556383069
-0.887187241964,0.205655753938
-2.597249829013,-0.805783965933
-2.877371923127,-0.800585885559
-3.068871471824,-0.666593063826
-2.615177293983,-0.365386241416
-2.465573720467,0.089254421075
-1.045823631193,0.083222837241
-1.260028265052,-1.334266509162
2.403364403500,-0.953266989644
-2.982315244564,-0.411086927764
-3.108669945638,-0.838355934122
-2.587677138781,0.005794869333
-0.906328926238,0.159929994565
-2.492051654607,-0.812632898052
-2.337988663362,-0.825046366176
-0.727269681057,-1.598622287836
-1.813207780428,-1.030948889938
-1.716064220260,0.472228786016
-1.102746134275,0.077926706882
-0.159805272387,-1.785490452696
-3.065447904851,-0.860745249196
-0.920731818445,0.189993621931
-2.400391014796,-0.825334906796
-1.642178666534,-1.116640003458
-1.788101773407,0.446421055957
-1.146191316239,0.065571203422
1.156207322004,-1.671468924913
2.454514131051,-1.104326722458
-3.017536530825,-0.440154641876
3.059793740654,-0.852460937139
2.224420879238,-1.217922244239
3.048941859559,-0.608655580123
-1.404948487059,0.035784224517
-0.942499559254,0.443061813562
-2.065439433062,-0.920960234517
-2.657438820451,-0.040134560999
-0.846934767299,0.260679079022
-2.798304384752,-0.814905947227
3.055799557293,-0.802152422777
2.184256149934,-1.288676082693
2.985872401293,-0.658751195065
2.916911103158,-0.975085469148
-2.981845830647,-0.390617025410
-3.057948732377,-0.828812987600
-1.412289180506,0.034907524065
-0.929643726388,0.431725439230
-2.187589460636,-0.877872794795
1.871189653664,-1.312273294383
2.791705897246,-0.811703115359
-3.040466856664,-0.433050682887
3.044589523417,-0.848603188317
2.279480288270,-1.171745639001
3.110331376160,-0.560465252570
-2.464299636287,-0.282163303054
-0.855441148120,0.343154530653
-2.729868241448,-0.808781715048
3.049426963472,-0.854346276103
2.279105624085,-1.172041005562
3.109920364322,-0.560786904932
-2.459023645530,-0.279410112311
-0.852222166216,0.332906292899
-2.750902147876,-0.810350389942
3.034897300962,-0.847396166448
2.325398138270,-1.134778382260
-3.121944540254,-0.520699202255
-2.969411213673,-0.594225334076
3.054993638554,-0.804801728437
2.176026189626,-1.289264013699
2.980319759619,-0.663096130116
2.652873451690,-1.089161524044
-2.886804437683,-0.339503579277
-2.338389814587,-0.824371408236
-0.723021810956,-1.600455573854
-1.828212575208,-1.023496673806
-1.725546190057,0.469050567193
-1.108956859713,0.076040808115
0.001658113055,-1.813421634468
3.003292055595,-0.928337135335
2.895563203080,-0.692098313772
2.374559703868,-1.096128173577
-3.068172234317,-0.478858428680
3.066055292140,-0.793370473004
2.298335449046,-1.249661001482
3.081722010776,-0.583642121665
-2.039381350837,-0.098905483656
-1.003798092025,0.105949399152
-1.758311675771,-1.061101382519
-1.723192841526,0.469763426284
-1.107389034820,0.076511507128
-0.039992296292,-1.807324490612
3.054617163311,-0.910463892116
2.521985618217,-0.980759803134
-2.922612059278,-0.365523088498
-2.711845926138,-0.786870327864
3.100532448902,-0.852183564162
2.198402305382,-1.285917839934
2.996378833010,-0.650511598915
-2.563081035949,-0.809990784477
-2.737266125577,-0.788543372155
3.059147879087,-0.855100142442
2.236279750825,-1.207680171027
3.062220699793,-0.598207557849
-1.690344534048,-0.008524438928
-0.916681745311,0.169582851281
-2.428649350171,-0.820749919194
-1.889200853621,-0.989147602456
-1.758095090609,0.457742873864
-1.129212240944,0.070184234748
0.593085130433,-1.814926379630
2.532027914810,-1.113999418062
-2.970003623546,-0.403903019932
-3.054058572991,-0.828124332054
-1.475613742588,0.026123509664
-0.869332336027,0.341860616894
-2.655449523730,-0.805664353421
-3.084094088377,-0.834971943372
-0.944082248751,0.168440786287
-2.247649355529,-0.859718797344
0.640552661774,-1.806753627139
2.512244721251,-1.120731178183
-2.986328114847,-0.416486104468
-3.130838839368,-0.842391010887
-2.535404324128,-0.811688522444
-2.599818859587,-0.788651073081
-2.826829123201,-0.794909647293
3.073821628681,-0.783558776004
2.539404807004,-1.141345431526
-2.977770847542,-0.410214345194
-3.093744349085,-0.835578218218
-0.876199011748,0.322618962377
-2.625847750517,-0.805496861320
-2.987914958862,-0.817214940586
-2.313310916701,-0.207689213253
-0.902250268943,0.167615225539
-2.515473719304,-0.810398239136
-2.477026567087,-0.799714586030
-2.147085140455,-0.880944549201
2.874510399004,-0.599235221965
2.167722196080,-1.281300633299
2.979129825997,-0.663913136049
2.608746795349,-1.109339009744
-2.919150084097,-0.364842078855
-2.689410166037,-0.786420297018
-3.133047303023,-0.844112674163
-2.760123058500,-0.814209800548
3.032819800051,-0.840455482182
2.305397017208,-1.150790584619
3.139095718356,-0.537976963408
-2.784725175848,-0.469350615223
-2.373053008244,-0.816947786272
-1.193365553561,-1.366986047861
1.702444547450,-1.412420972907
2.669720278965,-0.910706526340
-2.862218320890,-0.313971031477
-1.921418985971,-0.973500396778
-1.815896591482,0.436086826804
-1.160869500883,0.061776138622
1.673444517796,-1.429284476382
2.651191606386,-0.925969314514
-2.862299454632,-0.315527188808
-1.936217212078,-0.966658188532
-1.851759744080,0.421728059217
-1.177638442996,0.057598260147
2.267101294312,-1.051328070777
-3.118572960304,-0.517003509887
-2.996613973291,-0.613744327330
3.131666416518,-0.732663273751
-1.157185717276,0.077807140920
1.574884213018,-1.482610241313
2.594694552392,-0.973082947698
-2.884225561936,-0.335317067454
-2.290914710707,-0.836074637000
0.089047499811,-1.821961004569
2.902810830727,-0.965777282342
-2.972749183535,-0.384281245226
-3.009229745229,-0.819901181254
-2.089434057613,-0.116059902450
-0.997866497542,0.107749464724
-1.816412728424,-1.031754185362
-1.736129355456,0.465406704668
-1.115709058224,0.074039968308
0.187912054172,-1.831107862353
2.805132114489,-1.004499753498
-2.850371793298,-0.303266463189
-1.673255464154,-1.099383620082
-1.740638512721,0.463655883146
-1.118445949101,0.073240516054
0.266566787003,-1.833832615296
2.735956354951,-1.032793410305
-2.844434374982,-0.303779986006
-1.598478179540,-1.140262403946
-1.870540483062,0.413557310527
-1.185322858023,0.055718177200
2.530176226323,-0.860762443938
-2.890657005675,-0.337906716590
-2.357951000746,-0.819990093806
-0.999405030503,-1.469787497575
-0.311970410501,-1.747862792087
-2.822375869065,-0.812184537090
3.089776913732,-0.768377362400
-2.709598447271,-0.810480236654
3.072257169648,-0.855103302097
2.188772332925,-1.250923271814
3.008323807254,-0.640710524781
0.772781677542,-1.784495884484
2.472181155194,-1.131480240361
-3.018798941059,-0.441477848205
3.057230599704,-0.852205831196
2.234234995836,-1.209435679800
3.059931955598,-0.600007418844
-1.643993207076,-0.000088375001
-0.896090745530,0.192954959987
-2.548632927764,-0.807949030178
-2.654655210805,-0.787089734950
-3.034970260690,-0.825620541195
-1.751735820783,-0.020645637029
-0.943696698404,0.146114618288
-2.253523552046,-0.858070832139
0.521281794135,-1.821790165611
2.565288988883,-1.101817975434
-2.943065170376,-0.383099246167
-2.884943536778,-0.800672396813
-3.040669810045,-0.645408079940
-2.888839564344,-0.537986632941
-3.130529744662,-0.842765722645
-2.534935407683,-0.811721755409
-2.597364557234,-0.788768967237
-2.816157462764,-0.793898364783
3.057560491109,-0.800356003888
2.196400463489,-1.286304004305
2.994889339506,-0.651679264554
-2.711333314981,-0.810560283788
3.069676973973,-0.855219008160
2.196772874917,-1.243049464664
3.017615984865,-0.633363028831
-1.139549645420,0.528103842510
-2.796209858417,-0.139897048901
-1.942269709314,0.383060138389
-1.209978835137,0.049781742322
-2.988853034248,-0.281284126870
-2.701367818046,-0.786485312702
3.122397471703,-0.848915750717
2.450827410738,-1.182192072588
-3.059452182950,-0.473281955475
3.051150669451,-0.810567090910
2.166168357573,-1.283489668010
2.977020392890,-0.665591985625
2.533812857591,-1.143876444893
-2.982745040386,-0.414053026238
-3.116342452891,-0.839774276159
-0.088552144884,-1.799877115298
3.118414058962,-0.889635662837
2.166474237432,-1.286416610282
2.975713911296,-0.666654216568
2.491815355284,-1.163259588396
-3.021092891589,-0.443647131685
3.053149360321,-0.851587726824
2.250102755570,-1.195998117808
3.077641630538,-0.586091506012
-1.976519726354,-0.078724295232
-1.003578153157,0.107265231792
-1.760276591895,-1.060093828236
-1.722917838140,0.469858976248
-1.107211306749,0.076565213151
-0.044675560338,-1.806590420690
3.060556725726,-0.908457362582
2.474920113877,-1.017350114895
-2.964430189986,-0.398284104862
-3.019694925409,-0.821805162524
-1.963053587629,-0.074439915992
-1.002542000946,0.108007107817
-1.770516858164,-1.054854950198
-1.722236607224,0.470102247293
-1.106773820535,0.076697663021
-0.056170602459,-1.804747218127
3.075281737593,-0.903541183441
2.361097470569,-1.106398831767
-3.082657127623,-0.490113625299
3.106646404460,-0.754622988969
-2.777327102915,-0.126793076326
-1.456735285453,0.537728440290
-0.902956390959,0.192310425027
-2.508827677446,-0.811032372653
-2.439011046171,-0.805296012421
-1.858718477554,-1.003873233006
-1.717161680690,0.471914600699
-1.103496571042,0.077697103495
-0.140794409088,-1.789376564063
-3.092924770789,-0.868275301917
0.095297407159,-1.824879216860
2.897883619226,-0.967663936392
-2.961678428793,-0.376543786395
-2.942294979369,-0.808752092053
-2.714423781282,-0.424678631252
-1.149665876131,-1.390532759779
1.205139561469,-1.652163106971
2.462526313918,-1.094488918366
-3.007345412780,-0.432221816577
3.082503715750,-0.852267307743
2.166625658313,-1.279418938918
2.979399029932,-0.663676250678
2.619463240140,-1.104423342568
-2.910847348470,-0.358373913954
-2.609731293890,-0.787518926231
-2.866308797679,-0.799196429324
-3.109219639929,-0.697792342545
-2.055359656087,-0.104223216369
-1.002535264498,0.106223232125
-1.770914426615,-1.054650523326
-1.722225442174,0.470106520047
-1.106766783721,0.076699799273
-0.056355105719,-1.804717153674
3.075519787438,-0.903462399032
2.359327660677,-1.107795165036
-3.084590724242,-0.491617124821
3.113464130026,-0.748637524267
-0.988448865377,0.469117348972
-1.521261633720,-1.188963506537
-2.128692597095,0.289421804304
-1.225678096855,0.043923832900
-2.587151554050,0.006832044990
-0.907426652771,0.158927050596
-2.485613977550,-0.813319606369
-2.297589689355,-0.834907144449
-0.050195208271,-1.803884561029
3.066130043672,-0.906599608245
2.431155993156,-1.051459712928
-3.007954040797,-0.432110711531
3.081672335607,-0.852323020218
2.167212214903,-1.277955284160
2.980523227647,-0.662777503754
2.664376735894,-1.083932985626
-2.879290088864,-0.333538963217
-2.238270746151,-0.850801144195
1.171398991567,-1.664533380456
2.456784026637,-1.101333564802
-3.014536451693,-0.437818045833
3.065671292475,-0.852766443783
2.203326187247,-1.236869146519
3.025118162129,-0.627437647894
-0.877598112528,0.267061103952
-2.637715898980,-0.805385215676
-3.028443849837,-0.824463422663
-1.840554498821,-0.040960136934
-0.976750271658,0.123500868066
-2.003683573465,-0.945558478015
-2.213621266661,0.242891285005
-1.208575061145,0.045650210768
-3.037776888612,-0.317937168024
-3.050497191591,-0.827228422133
-1.534811459358,0.017595455024
-0.861869584638,0.275408436674
-2.719603225083,-0.808003397345
3.061442541921,-0.855306295892
2.227288106816,-1.215419846781
3.052159993600,-0.606122152494
-1.477900368240,0.025658168759
-0.868409152458,0.339003674996
-2.661889243995,-0.805773264669
-3.102449743361,-0.838473936160
-1.320230313725,0.544298502588
-0.887571276088,0.376090301995
-2.530035193638,-0.809520933217
-2.559130139093,-0.791141955393
-2.635429915003,-0.787373637877
-2.968678102040,-0.813913000461
-2.496556111283,-0.298945024986
-0.897528687243,0.413521283905
-2.438320996970,-0.819667788259
-1.968734547862,-0.952415209662
-1.955707417094,0.376387138994
-1.213183302773,0.048970902377
-2.900703357454,-0.215902155493
-1.334297280130,-1.288429324510
3.125249142475,-0.408102463856
3.132229977647,-0.732924256524
-1.162686739845,0.076526437503
1.772136534585,-1.372870821589
2.716662986307,-0.872368151558
-2.885655105536,-0.326664255260
-2.244322937834,-0.849009108567
1.042951143874,-1.709811129779
2.444654014804,-1.121412799846
-3.032721192529,-0.452008018459
3.040555313911,-0.845838794517
2.288336506791,-1.164548989738
3.120168551166,-0.552768289376
-2.584584459529,-0.347921267991
-1.598820969576,0.507873452557
-1.016353708784,0.110365364163
-1.624277986338,-1.132079753777
-1.855577622655,0.419814382018
-1.179116819992,0.057229299103
2.318351511025,-1.015034888427
-3.065882369336,-0.476026803566
3.060297440573,-0.799655705880
2.212630095361,-1.281826087744
3.007713041507,-0.641614627418
0.240360117307,-1.833806537760
2.758467470918,-1.023533349453
-2.841667152497,-0.300355344512
-1.517543104079,-1.185332810532
-2.104356815110,0.302351080137
-1.227635466106,0.043971716368
-2.540218080427,0.038447187566
-0.962253024404,0.119988558419
-2.120254669531,-0.900192863305
3.015846075577,-0.491082254460
-2.118529996373,-0.126979409190
-0.991550817850,0.110230405686
-1.875532143143,-1.003027571779
-1.800352792338,0.442055943890
-1.152890652365,0.063822232677
1.390219974548,-1.573765361096
2.512882848074,-1.044432404580
-2.951982611814,-0.389120883582
-2.943997124911,-0.809042092805
-2.701857253263,-0.416950976478
-0.756578577349,-1.585633789344
-1.705103579352,-1.086603415172
-1.734479053865,0.465836492997
-1.114598252568,0.074363650421
0.156502865877,-1.829230093061
2.835094706461,-0.992427007570
-2.869612776525,-0.314748341852
-2.005911786452,-0.935712028942
-2.104622349528,0.302668665282
-1.227880209235,0.043925769997
-2.534521441269,0.042248015805
-0.968899696888,0.116308587737
-2.068651966255,-0.919367104309
-2.680213961802,-0.056019417144
-0.846210606232,0.311810950272
-2.788990988654,-0.813958301938
3.045412664056,-0.814623591647
2.174077190349,-1.267448922092
2.990309222214,-0.654989569872
-3.076531403095,-0.874763604234
-1.801169117283,0.438724406017
-1.151823766961,0.064047704780
1.352550622528,-1.590881716805
2.500053347150,-1.056340801157
-2.965133730136,-0.399376934316
-3.025267192662,-0.822814300771
-1.892115555283,-0.054251625865
-0.990831028435,0.115052493394
-1.881400220500,-1.000250041983
-1.810089931545,0.438309908797
-1.157926163717,0.062525553001
1.568618053407,-1.485890180283
2.591405295849,-0.975862162928
-2.886277953678,-0.337007274585
-2.318304678482,-0.829136553728
-0.403874222158,-1.719698748083
-2.652617752271,-0.800534423610
-3.063241645401,-0.830977029841
-1.308368256285,0.049777995012
-1.348844280895,0.545320431730
-0.867852583420,0.324744798532
-2.671196676886,-0.805966581211
-3.127261518963,-0.843126224649
-2.315792004636,-0.844828216068
-0.653824871362,-1.629474842417
-2.052161741011,-0.922884454528
-2.486485405643,0.075373539530
-1.023880100945,0.091194508462
-1.542831376724,-1.176740191589
-2.055493889045,0.327622597624
-1.227764695250,0.044737384089
-2.535716105411,0.041451295277
-0.967508543857,0.117064887302
-2.079616041933,-0.915168825637
-2.786299865102,-0.131330385486
-1.632552627085,0.498855088071
-1.043037498639,0.098863499718
-1.293752440495,-1.315622148885
2.734655691798,-0.706391361047
-3.138160857267,-0.504573592824
-2.953460788304,-0.582963026322
3.037609246452,-0.831116984309
2.243726955196,-1.201403275377
3.070510216984,-0.591692681443
-1.849475830342,-0.043360747248
-0.979426028761,0.121854076870
-1.981288135393,-0.955072736663
-2.103197702354,0.303401933862
-1.227946195999,0.043937119333
-2.532943563306,0.043299341690
-0.970734077718,0.115322233937
-2.054057479135,-0.925056434884
-2.552698349597,0.031463715863
-0.948700187264,0.128044931269
-2.219800842316,-0.867653951369
1.223150567977,-1.644440544803
2.466075751552,-1.090454886538
-3.003027279115,-0.428862300748
3.094459889126,-0.851180971109
2.179334275949,-1.289340859354
2.982387595076,-0.661482023166
2.741386658778,-1.049386482919
-2.843531439409,-0.303630881380
-1.584062258365,-1.148238910459
-1.904442317753,0.399021145601
-1.197924642562,0.052677278168
2.938438347820,-0.551470894990
2.026406772180,-1.215395645145
2.924838064625,-0.705416698419
2.280520840419,-1.171157843643
3.111350093236,-0.559669968838
-2.477276923484,-0.288983090927
-0.867211201397,0.370004570661
-2.652723293076,-0.805670634492
-3.076146810507,-0.833452848158
-1.077153422880,0.100299518323
-0.719409705818,-1.604683118173
-1.839474589340,-1.017945914287
-1.734784072338,0.465898373415
-1.114872495699,0.074285493732
0.164231872246,-1.829733909745
2.827595603393,-0.995435092434
-2.863586140092,-0.311010714502
-1.909580699631,-0.979037169138
-1.790766825734,0.445733058488
-1.147795943939,0.065153294682
1.211815924767,-1.650149350842
2.463758830076,-1.093108628579
-3.005852972943,-0.431060893862
3.086479477925,-0.851956073332
2.166183124254,-1.285185989749
2.976160103755,-0.666288149877
2.505812331955,-1.156804414818
-3.008177215716,-0.433678559829
3.079347924190,-0.852474618486
2.169682909008,-1.273415984686
2.984429113640,-0.659663382674
2.845577420760,-1.004371704858
-2.867490222984,-0.313250546724
-1.971264124500,-0.950821401845
-1.959431787993,0.374665987010
-1.214085414709,0.048745014391
-2.876381095188,-0.198034194581
-0.453026471709,-1.703629378717
-2.552659752307,-0.803223961148
-2.655020966526,-0.787078234409
-3.036134282554,-0.825836697003
-1.735356322112,-0.017234960304
-0.936700002838,0.151643922387
-2.301036611727,-0.845830288929
-0.369234674548,-1.730286019897
-2.719320852771,-0.802737365208
3.067394630963,-0.855239977865
2.204409109963,-1.235857776033
3.026355273060,-0.626461023774
-0.888932553817,0.235019982004
-2.582337261623,-0.806316465734
-2.813942856100,-0.793731160797
3.054756850506,-0.803487678813
2.178081807441,-1.289243606401
2.981639346646,-0.662065085144
2.708135177980,-1.064195226290
-2.855352458273,-0.314058364677
-1.845349353424,-1.010029877108
-1.700879888974,0.477272490779
-1.092550672714,0.081125662005
-0.404747211638,-1.721621442728
-2.649134900942,-0.800496375399
-3.052361356295,-0.828915175445
-1.490579752678,0.024010658181
-0.864332838373,0.323387103015
-2.690819773842,-0.806623959658
3.110317518430,-0.850889011088
2.271541038052,-1.260623526406
3.057789849933,-0.602358310425
-1.592718088769,0.008506938999
-0.875832462942,0.226149808930
-2.656205292155,-0.805485474233
-3.085851627027,-0.835307377717
-0.919787711230,0.190979188103
-2.406216089744,-0.824349927587
-1.696219387223,-1.087425736594
-1.717388424926,0.471633659656
-1.103547084529,0.077678831669
-0.139512929336,-1.789632834596
-3.094754628951,-0.868789826493
-0.613615789231,-1.648847101151
-2.165213377888,-0.881523023180
2.395146557071,-0.958734117928
-2.989743383146,-0.416866084348
-3.140113552246,-0.844010125313
-3.112325784672,-0.885228727517
2.948972547478,-0.962468423167
-3.078069049005,-0.459649383622
3.059637886526,-0.800520677664
2.205426708207,-1.283944049778
3.001939676712,-0.646146018913
-1.788037355694,-1.047651860329
-1.736659557192,0.465189396322
-1.116026678722,0.073946608527
0.196946899851,-1.831564611241
2.796763606764,-1.007895452166
-2.847111645761,-0.301557491366
-1.609924544320,-1.133947003523
-1.845772459850,0.423807489524
-1.174812124230,0.058285077525
2.168367363987,-1.119890203547
3.063153911251,-0.596293328744
-1.720381169279,-0.014371103340
-0.930102560818,0.157172018716
-2.344398238253,-0.836012533460
-1.017909698722,-1.460317294496
-0.153520412016,-1.785938937226
-3.075306112628,-0.863409506658
-0.919370442672,0.410627218071
-2.289245550132,-0.849055448958
-0.171807285871,-1.781023178461
-3.049380511203,-0.856527780509
-1.208503008936,0.066876190295
-2.993627357202,-0.284855935810
-2.743698570394,-0.787927853475
3.052530211189,-0.854595624326
2.264785745429,-1.183786930452
3.093995438477,-0.573261770710
-2.238433502320,-0.174769995344
-0.945407683323,0.134227909490
-2.242642155041,-0.861073643111
0.745150480717,-1.788324858084
2.478615114940,-1.130233036690
-3.013767326269,-0.437609737675
3.066877804174,-0.852791265782
2.199353616783,-1.240596389497
3.020577198356,-0.631023555470
-0.929808402947,0.422263460278
-2.197382896751,-0.874796727411
1.675869280373,-1.426795746828
2.653083986218,-0.924391214043
-2.862098766185,-0.315233660928
-1.931442495955,-0.968856086733
-1.839621479789,0.426664611522
-1.172214678087,0.058933585494
2.076965259200,-1.181599799969
2.972760194624,-0.667464340817
2.429601339136,-1.191791579127
-3.079395775184,-0.488711828655
3.097652639645,-0.762682420783
-1.633378359678,-1.128655639503
-1.849165552416,0.422457282197
-1.176334018950,0.057911429243
2.221633822320,-1.083132732549
3.117636630521,-0.553642532484
-2.561155088627,-0.334672733866
-1.252150557287,0.550108365647
-1.054153173718,0.505399651397
0.007468686075,-1.814342671290
2.996447148693,-0.930788658257
2.937436477120,-0.660081228302
2.182072755436,-1.288503840721
2.984566061344,-0.659768884922
2.847162408942,-1.003706069010
-2.868903963112,-0.314138173708
-1.993516124996,-0.941053231904
-2.047595631557,0.332041890051
-1.227552905831,0.044903166787
-2.540410432089,0.038318355668
-0.962027717968,0.120116316221
-2.121970015883,-0.899581482783
2.992235441341,-0.509141705917
-1.707204250605,-0.011832976156
-0.924230599538,0.162391252958
-2.381888743734,-0.828591499532
-1.457995617622,-1.219146990941
-2.357125851395,0.157225363954
-1.137639240780,0.058207975552
0.850015190369,-1.766331221506
2.456753546644,-1.133084400816
-3.030221410182,-0.450245439400
3.042417894718,-0.847482421004
2.285782436875,-1.166618727952
3.117333101861,-0.554986166928
-2.551084389899,-0.329041408965
-1.154046402396,0.539709632979
-2.297903140633,0.191994940109
-1.172715844114,0.051340571747
2.078440487101,-1.180616337348
2.974179878030,-0.666342461452
2.468819737342,-1.173842990297
-3.042517472748,-0.460192026537
3.037685807178,-0.836394998499
2.263624780344,-1.184779450857
3.092685528520,-0.574288965190
-2.218835577878,-0.166499841053
-0.955166727742,0.128333599080
-2.172859204096,-0.882243251714
2.163841768088,-1.121881331413
3.059146833888,-0.599427479007
-1.639949621838,0.000615570442
-0.894354628781,0.195270121807
-2.558267041182,-0.807381588584
-2.702281664869,-0.787380986610
3.118886290808,-0.849483908200
2.386700920765,-1.211294137244
-3.119861768014,-0.520085595762
-2.980711821306,-0.602292765590
3.079396142856,-0.779186173868
2.767241621377,-1.038041622235
-2.839409975353,-0.299007097495
-1.466429993522,-1.214057833224
-2.314664174716,0.183152122063
-1.164385540960,0.052840898243
1.781982638323,-1.367077659751
2.723682528192,-0.866664729375
-2.892890973752,-0.331227371674
-2.333029135312,-0.825607647296
-0.641248047286,-1.634560766486
-2.089248321486,-0.908523361353
-2.824612219930,-0.159010199635
3.003019003381,-0.500676796372
-1.907985075022,-0.058835243702
-0.994157667530,0.113086290957
-1.850811405508,-1.014892516371
-1.766487737007,0.454669518996
-1.134131308550,0.068822608702
0.750768258860,-1.788553719552
2.477534121606,-1.130424581010
-3.014602849151,-0.438251812406
3.065145233679,-0.852754245680
2.205109134087,-1.235216928708
3.027148588642,-0.625834909396
-0.899353022226,0.216697356117
-2.526029570055,-0.809593729303
-2.536232788132,-0.793054796218
-2.513977196996,-0.795242634620
-2.385581062819,-0.814835496268
-1.344509211416,-1.283043098439
-3.077541977527,-0.347165869311
3.079217589527,-0.851977909840
2.169345788840,-1.273962247954
2.983933287228,-0.660058213417
2.820252309790,-1.015092120691
-2.850136270126,-0.302814887747
-1.665156700996,-1.103764421069
-1.751231973484,0.459919250005
-1.124954758717,0.071376538911
0.460787124505,-1.828438577391
2.599195466026,-1.088619191046
-2.916896390672,-0.362796799593
-2.667042263338,-0.786298102826
-3.071760819920,-0.832557126613
-1.157040913904,0.077898722677
1.569832777796,-1.485258440290
2.592039241848,-0.975326186720
-2.885876954938,-0.336677736157
-2.313006901584,-0.830439289699
-0.313617750570,-1.746236355311
-2.820454874892,-0.811949392705
3.085828094991,-0.772024066073
-3.065878923489,-0.871808599043
-0.882269261700,0.346661125918
-2.579352497564,-0.806607126963
-2.801379510988,-0.792639997726
3.042065243308,-0.819468658265
2.191204548785,-1.248593865871
3.011110654168,-0.638506737415
2.845148463598,-0.623342386140
2.331688849471,-1.130147596674
-3.115195706814,-0.515442545509
-3.015601260921,-0.627564833765
-3.059915260648,-0.660243492737
-2.709561316895,-0.421887848675
-1.011580925884,-1.463362857204
-0.208394392487,-1.773971449653
-2.993060954145,-0.842759397391
-2.069918810400,-0.109134697903
-1.000904968595,0.106699253079
-1.786988451833,-1.046489326768
-1.723955103838,0.469541268732
-1.107901843132,0.076357348993
-0.026435325277,-1.809394268294
3.037616745804,-0.916279781354
2.654964816697,-0.877635806671
-2.868856032680,-0.317894453696
-2.024496135482,-0.927844574447
-2.202313545308,0.249315221624
-1.211874684272,0.045223276212
-2.944825333103,-0.248511289637
-2.202345467913,-0.861784814272
1.919779765149,-1.282113618926
2.831461687516,-0.779809868103
3.060539642017,-0.567211788489
-1.954708080035,-0.072159086674
-1.001572873647,0.108619680952
-1.780040538852,-1.050009558506
-1.722807903527,0.469921055347
-1.107151791215,0.076583537836
-0.046241712568,-1.806342754052
3.062550689225,-0.907786756547
2.459178783672,-1.029606860943
-2.979683160792,-0.410153714387
-3.099136453273,-0.836584558686
-0.988046930172,0.468845221995
-1.527317556199,-1.185603809316
-2.107779654240,0.300559644854
-1.227445279799,0.043949952116
-2.544764569041,0.035407982605
-0.956925811719,0.123064729654
-2.160247331570,-0.886390808634
2.391693000342,-0.961237429049
-2.992986814028,-0.419390004583
3.130601503853,-0.846105909268
2.679672753629,-1.077068094842
-2.870036174497,-0.326121491148
-2.101781880033,-0.897009588615
-2.817793745534,-0.154060551544
-2.868271850742,-0.190579897327
0.001073938938,-1.811361149893
3.002433105035,-0.928658871317
2.900998317138,-0.687935895107
2.326387186218,-1.134257250854
-3.120991498941,-0.519958459588
-2.976206424752,-0.599070596948
3.068433016041,-0.790117059023
2.357964748026,-1.224035590422
3.136457409511,-0.540966019951
-2.754767604157,-0.450257064118
-1.982565754062,-0.945952263518
-2.003485557257,0.353804667773
-1.222726277537,0.046470081286
-2.654816163412,-0.039642272956
-0.847650147175,0.257052319054
-2.795463893196,-0.814575937691
3.052257989489,-0.806193106286
2.169204700500,-1.287933199894
2.976668027089,-0.665930205480
2.521300531706,-1.149654806857
-2.994033081844,-0.422763985554
3.122193928641,-0.847450415255
2.468518970026,-1.174072003953
-3.042845694787,-0.460446478411
3.037727402233,-0.836015415490
2.261919460127,-1.186190206532
3.090787103707,-0.575777484344
-2.190026090975,-0.154656796493
-0.968007163070,0.121271178738
-2.075265595932,-0.916831908333
-2.743200576557,-0.100484642646
-1.023553850074,0.502060408602
-0.811173483903,-1.564233641238
-1.477717701038,-1.211097798711
-2.286209694112,0.200206245132
-1.179483926156,0.050136293929
2.315597529482,-1.016994750258
-3.068688679059,-0.478206872650
3.066067334515,-0.793362024649
2.298533588978,-1.249578591860
3.081900663516,-0.583502535745
-2.042349298648,-0.099903114738
-1.003597230688,0.105984397716
-1.760325797190,-1.060067436575
-1.722903315920,0.469863951103
-1.107201884365,0.076568060589
-0.044923611120,-1.806551265960
3.060872278307,-0.908351135820
2.472425705850,-1.019291589690
-2.966812165380,-0.400139386645
-3.033220292630,-0.824264565698
-1.785930666474,-0.028095210302
-0.957529084531,0.136038100801
-2.154483285502,-0.888337163823
2.490606962678,-0.888927234199
-2.911869840086,-0.355531569919
-2.601837787141,-0.787859408254
-2.832947755231,-0.795516944699
3.085132392878,-0.772752495637
-3.122754271328,-0.888369847709
2.571214090402,-1.126703250007
-2.950020798424,-0.388778110414
-2.934760389412,-0.807631308254
-2.767298288538,-0.457807831493
-2.157948898330,-0.876780183531
2.715766619712,-0.720243773095
-3.065733846799,-0.451650579220
3.043255604631,-0.822225625493
2.194411054877,-1.245428299098
3.014840025139,-0.635557780497
-1.653462609878,0.488600168322
-1.056971672917,0.093405238741
-1.086295083247,-1.428116568362
0.496632928844,-1.824865781927
2.578651145619,-1.096679145615
-2.932548058636,-0.374954777568
-2.804078999792,-0.792059557776
3.043800593864,-0.817022979179
2.181399750828,-1.258811366263
2.999472876786,-0.647720038244
-2.164756319744,-0.887133671569
2.247818272378,-1.063759355969
-3.137944787931,-0.532089091531
-2.845878513045,-0.509314499384
-2.905395966704,-0.803646980651
-2.943076272254,-0.575095016438
3.036620190910,-0.842786425136
2.295587158254,-1.158687563784
3.128215954797,-0.546476521301
-2.674610294485,-0.400743683099
0.455688954283,-1.827185197032
2.601353929471,-1.087788433533
-2.915304102694,-0.361557000989
-2.651906317007,-0.786404526672
-3.024021184867,-0.823599680669
-1.899182914038,-0.056162204736
-0.992414057823,0.114122381459
-1.866929664636,-1.007133611220
-1.787350178215,0.446975908502
-1.145915223390,0.065648689313
1.146682293150,-1.674998403158
2.453222631864,-1.106062110284
-3.019264050356,-0.441500295825
3.056717661285,-0.852141569468
2.236215192538,-1.207741454476
3.062145321133,-0.598266876624
-1.688835009167,-0.008238784897
-0.916002658745,0.170259271610
-2.432779744712,-0.820133535291
-1.922472397747,-0.973463056016
-1.822570908746,0.433464999086
-1.164159054053,0.060944277771
1.790762891722,-1.361895209907
2.730013121629,-0.861527127267
-2.900435799592,-0.336081779758
-2.419555024670,-0.807922957037
-1.682954530468,-1.094530184254
-1.731364122220,0.466877227739
-1.112603755743,0.074951360601
0.100865929042,-1.824800773011
2.891543973018,-0.970130086395
-2.948348376512,-0.367289161190
-2.850678358012,-0.796568616581
3.124854436370,-0.737726619817
-0.992405217865,0.136396293977
-1.862361544687,-1.009344609457
-1.781160113260,0.449284518553
-1.142494387307,0.066558147299
1.029432806454,-1.715455532580
2.444391619676,-1.122991458299
-3.033690529368,-0.452771188764
3.039930418666,-0.845109005229
2.288433918447,-1.164471279986
3.120276067163,-0.552684210869
-2.585836251328,-0.348635031970
-1.623472892443,0.501255840787
-1.035916541257,0.101774644283
-1.389714217736,-1.262137190011
-2.779890140357,-0.127193368746
-1.492645926866,0.531655894720
-0.929808155686,0.164690901780
-2.345471147130,-0.835796387074
-1.032093743069,-1.452998825149
-0.025998619509,-1.808646575591
3.036425743451,-0.916697075700
2.664077330355,-0.870579451376
-2.871577614080,-0.319091823440
-2.061100569924,-0.912847939939
-2.445702232470,0.101850971023
-1.065158425424,0.076942564753
-0.957737142071,-1.493985883333
-0.639128178928,-1.636871580964
-2.094467931429,-0.906558100461
-2.880615388535,-0.199881737878
-0.613040669475,-1.645542498830
-2.169153758201,-0.880227959293
2.324687991710,-1.009409428820
-3.058901833404,-0.470594924889
3.048816780408,-0.813667164275
2.168378322314,-1.275969429735
2.982285216315,-0.661373419651
2.741017580260,-1.049549799391
-2.843625357555,-0.303721030558
-1.586446488414,-1.146917924372
-1.898621202303,0.401557959012
-1.195909302921,0.053162751777
2.875441239760,-0.599674634365
2.167665964489,-1.282017019585
2.978726429962,-0.664238376139
2.593573453380,-1.116312682833
-2.931312961245,-0.374289648409
-2.795199411813,-0.791336265221
3.037567344341,-0.826724718734
2.228313034011,-1.214593180401
3.053275618818,-0.605244605985
-1.502601514838,0.022148060819
-0.862048998558,0.309420457664
-2.708273559086,-0.807416919811
3.077994268288,-0.854720407121
2.174630860669,-1.266544485742
2.991130177514,-0.654336230656
-3.015795559798,-0.858577808370
-1.664651755896,-0.003580140746
-0.905197269450,0.181807587265
-2.496884620242,-0.812169553288
-2.367855318898,-0.818470276398
-1.135596430221,-1.398327480592
1.045052655807,-1.709766537891
2.444767443015,-1.121186221132
-3.032530064057,-0.451858648352
3.040686861652,-0.845977781942
2.288253482741,-1.164616068769
3.120076469687,-0.552840305616
-2.583511254931,-0.347309806306
-1.578271922145,0.513074148223
-0.999681641798,0.118472606627
-1.796709623880,-1.041601680574
-1.726736335001,0.468608285763
-1.109707500972,0.075815359784
0.021811570489,-1.816092600946
2.979409501195,-0.936960318857
3.032232749089,-0.588120766974
-1.401758756992,0.036212791036
-0.948577307353,0.447993029891
-2.003598937043,-0.945925194763
-2.217815973681,0.240501296388
-1.207274593230,0.045824412747
-3.075195293267,-0.346119725809
3.084250939025,-0.851666422742
2.165886261655,-1.282746182118
2.977222672248,-0.665423426757
2.540704913941,-1.140693501090
-2.976588886971,-0.409301472632
-3.088110536907,-0.834520567867
-0.902841755782,0.211765758480
-2.506383150118,-0.811289365925
-2.424880084136,-0.807630405170
-1.737171079834,-1.065682443909
-1.686926324827,0.481610639322
-1.082802040554,0.084310271870
-0.616678731288,-1.646845561074
-2.157299177919,-0.884178500379
2.531619719046,-0.858576429807
-2.889939940160,-0.337255405261
-2.348380800730,-0.822099234070
-0.868265952402,-1.534514439760
-1.197774970994,-1.366896086504
1.739164552238,-1.391447762335
2.694027170918,-0.890803063519
-2.869478704362,-0.317087706384
-2.024060087237,-0.928026576956
-2.199831118416,0.250716038976
-1.212555601412,0.045138322656
-2.926001479412,-0.234568792977
-1.901344531091,-0.982862377243
-1.774492996253,0.451792592330
-1.138760974502,0.067562364003
0.903518554183,-1.752588014942
2.449724696088,-1.132076602834
-3.034567276487,-0.453561216824
3.039402099605,-0.844376842699
2.288024782614,-1.164804334009
3.119820981868,-0.553040151510
-2.580528255549,-0.345612524941
-1.523881179869,0.525399305445
-0.954902978374,0.145121727345
-2.172929053105,-0.882240885999
2.161951348496,-1.123173692389
3.057236121136,-0.600926976453
-1.600346532877,0.007271723041
-0.878533332057,0.220649681708
-2.642527453022,-0.805328662269
-3.043938389031,-0.827344204728
-1.621181388939,0.003981787104
-0.886569750881,0.206626805990
-2.600547153880,-0.805700117787
-2.890872259552,-0.802318921373
-3.011951637097,-0.624266854874
-3.081770479746,-0.676908035743
-2.456413449095,-0.277921892341
-0.850874592873,0.327804965208
-2.759807232012,-0.811105094073
3.032939981856,-0.842217619199
2.312595040049,-1.145013888175
-3.136112152158,-0.531749478599
-2.857231761793,-0.516879546082
-2.976142753087,-0.814512106375
-2.432663057668,-0.265546758128
-0.846142216382,0.287000633155
-2.796412997922,-0.814738012371
3.053452941864,-0.804809956997
2.172806671129,-1.289001983746
2.978406793963,-0.664586844269
2.580184996926,-1.122477105652
-2.942394227709,-0.382876072178
-2.881117161206,-0.800187275569
-3.056475537389,-0.657226288126
-2.746374015522,-0.444796729024
-1.845965552961,-1.009829179670
-1.702214790649,0.476838720328
-1.093462605615,0.080834179002
-0.383832019973,-1.728050051539
-2.689825644172,-0.801364823258
3.121261600141,-0.849161949426
2.428028177323,-1.192608348018
-3.080931992112,-0.489902189862
3.102664777092,-0.758164055180
0.482134593220,-1.827329751127
2.587247698757,-1.093313324549
-2.925909015581,-0.369803868700
-2.748482025750,-0.788304221898
3.047610369879,-0.853807062603
2.286068036820,-1.166375707117
3.117656229426,-0.554733298354
-2.554950005323,-0.331198048456
-1.188887728799,0.544882673580
-1.604481036381,0.503164300082
-1.019437538168,0.108913145541
-1.589840074005,-1.150863396944
-1.927657590476,0.388759524925
-1.205352883233,0.050882408373
-3.121062894266,-0.380817313703
3.043852507374,-0.822298982306
2.192802313618,-1.247003459436
3.012974871825,-0.637032399024
-2.340654639684,0.165575783556
-1.147375287917,0.056192864926
1.180438473118,-1.662325956331
2.458185267593,-1.099666695341
-3.012777439290,-0.436449233834
3.069431196678,-0.852801930734
2.191450115118,-1.248246855417
3.011450413662,-0.638237225418
3.076510329463,-0.446463502627
-2.839493885511,-0.505221266860
-2.862575045472,-0.798183295694
-3.122862799131,-0.708632237410
-1.811265125395,-0.033998872891
-0.966907732110,0.129737572242
-2.083000695788,-0.913900274572
-2.821235705387,-0.156563659757
-3.069756818442,-0.340577893059
3.101699501281,-0.849931923988
2.213773252442,-1.281555042631
3.008597362049,-0.640921459760
0.816096005481,-1.774905705994
2.462832829245,-1.132804845398
-3.025890006945,-0.446924605181
3.046867679351,-0.849848462300
2.273256484124,-1.176830955019
3.103413410818,-0.565882084971
-2.372740912630,-0.236008850351
-0.866501918414,0.213136436721
-2.707051378102,-0.807187305395
3.080210421268,-0.854543551847
2.170786115398,-1.271720772520
2.986005039125,-0.658409158981
2.930963035248,-0.969490715762
-3.019834250644,-0.417587838584
3.081275974294,-0.852266571624
2.167491633099,-1.277346665895
2.981013470856,-0.662386025811
2.684922424807,-1.074633724009
-2.867047635321,-0.323701378071
-2.054023718962,-0.915698303114
-2.392754696903,0.135518123117
-1.111506528714,0.064193429362
0.057708939639,-1.820393386499
2.938372602040,-0.952187859029
-3.074871564319,-0.457357284686
3.054148128917,-0.806969790394
2.170944125713,-1.288611538577
2.977424090735,-0.665349083569
2.546075266409,-1.138213574166
-2.971825512906,-0.405624204710
-3.064388661615,-0.830058926490
-1.302064806196,0.050742941275
-1.400311976060,0.541310663287
-0.870740716966,0.251771250957
-2.678552846571,-0.806059685305
3.137952120246,-0.846360969170
2.896446863461,-0.983389986824
-2.936811329239,-0.359267603376
-2.761070366256,-0.788970556055
3.038194024462,-0.850139879908
2.319841037311,-1.139206531444
-3.128085420480,-0.525487358129
-2.923350261787,-0.561881898538
3.055717955895,-0.853038755824
2.243889410064,-1.201221953432
3.070714743586,-0.591531642654
-1.853243340817,-0.044308139353
-0.980546032410,0.121172916663
-1.971801619851,-0.959174682817
-2.062474761013,0.324491703579
-1.228282740411,0.044534921902
-2.523898506708,0.049313689261
-0.981182588885,0.109928857767
-1.967770083119,-0.960919123242
-2.046025423467,0.332812503722
-1.227438152269,0.044948630911
-2.543042768986,0.036559186271
-0.958944976191,0.121884965726
-2.145226216776,-0.891463029197
2.644116756970,-0.774417504874
-2.913070934767,-0.345435551760
-2.557775209402,-0.790562392142
-2.625398993954,-0.787635261996
-2.931165451799,-0.807973047740
-2.787344434217,-0.470625004029
-2.399616123228,-0.811705213718
-1.490275854820,-1.200973774861
-2.211923341502,0.243400708398
-1.208807276669,0.045633018219
-3.031113356084,-0.312931221383
-3.013467285543,-0.820476875426
-2.040925829735,-0.099218827737
-1.003795971501,0.105921821666
-1.758338145692,-1.061087760660
-1.723188525964,0.469764921023
-1.107386243522,0.076512350464
-0.040065857436,-1.807313031347
3.054710194846,-0.910432361942
2.521248009001,-0.981332730214
-2.923213083932,-0.365997892808
-2.717275917913,-0.787028706433
3.090417115296,-0.853430613425
2.168155307430,-1.287684688938
2.976129773451,-0.666347246099
2.504314567157,-1.157495504993
-3.009553750173,-0.434740868778
3.075963754956,-0.852645723716
2.175248028845,-1.265786941858
2.991916342261,-0.653712147795
-2.954891555336,-0.844376521195
-2.413640149994,-0.255892376502
-0.849119139902,0.259474907495
-2.787784366210,-0.813733207210
3.044233000467,-0.816195767336
2.178900756664,-1.261617305763
2.996413816646,-0.650145048307
-2.541501626546,-0.811245792717
-2.631236219507,-0.787508322521
-2.953342047705,-0.811415650073
-2.625565875617,-0.371259466444
-2.914742071646,-0.224813871783
-1.662646517133,-1.105072731802
-1.754354405596,0.458805303739
-1.126838898263,0.070844862166
0.518835801412,-1.823486017721
2.567232526478,-1.101053441687
-2.941511624588,-0.381896912357
-2.873538869890,-0.799247146436
-3.085745266113,-0.679502715340
-2.407171871308,-0.252831902805
-0.851030869879,0.251217411887
-2.779826629147,-0.812882304891
3.038207006151,-0.825235016803
2.220780360234,-1.221176108271
3.044821500402,-0.611900952142
-1.307933266998,0.049712465205
-1.352375525467,0.545126113655
-0.866778194383,0.319045317262
-2.679348309086,-0.806197800914
3.135849166526,-0.846728453994
2.817257625058,-1.016424076676
-2.848659180627,-0.301992190371
-1.636114369645,-1.119572567879
-1.795961405321,0.443443236800
-1.150425757390,0.064458691346
1.303571596364,-1.612355966717
2.485334632935,-1.070511045281
-2.980957723105,-0.411696108571
-3.106246070238,-0.837909925070
-1.836658823424,0.424872034761
-1.169357632018,0.059585054101
1.975686133562,-1.247777726671
2.879146377075,-0.741741681480
2.706431247651,-0.838089352924
-2.903298998033,-0.338243862059
-2.452626910605,-0.802543040447
-1.962956152231,-0.954976143494
-1.935632472144,0.385557476214
-1.207872463366,0.050280782178
-3.048359756914,-0.325897150210
-3.102729988560,-0.836986415384
-1.229275582163,0.541495789577
-1.201211569920,0.540638660937
-1.462503730596,0.532880301733
-0.905801333678,0.188848006087
-2.492438476914,-0.812636331259
-2.340638446492,-0.824438286941
-0.766569817754,-1.581377826351
-1.666156942464,-1.107363366539
-1.776117110362,0.450916389349
-1.139545530526,0.067346097063
0.929779463604,-1.745394080117
2.447323666222,-1.130958751772
-3.035663293684,-0.454386317010
3.038873291729,-0.843478979654
2.286913375790,-1.165707589260
3.118585676207,-0.554006388420
-2.565998615199,-0.337393755120
-1.308599849987,0.550780147758
-0.899122926781,0.394133828480
-2.443988180252,-0.818838650237
-2.011891866698,-0.933643565580
-2.140845488912,0.283317851299
-1.224468665321,0.043943003550
-2.616583999591,-0.013257833291
-0.875957972327,0.193851939650
-2.659474244718,-0.805486271526
-3.095123684641,-0.837078244771
-0.897710401704,0.380288288705
-2.463662208988,-0.816215210656
-2.154035105628,-0.878529307084
2.767442673507,-0.680971216326
2.969407135839,-0.636282908190
2.984674817877,-0.948689765185
3.051689826364,-0.573436154612
-1.800939171378,-0.031700971254
-0.963136956095,0.132221822858
-2.112195203399,-0.903103134866
3.122698904829,-0.409563592376
-3.141472360428,-0.725017301691
-1.400284422525,0.036503327087
-0.951464476845,0.450249646202
-1.973186945746,-0.958901070250
-2.072260816931,0.319486165069
-1.228519771057,0.044335512166
-2.518715652357,0.052750798807
-0.987111115866,0.107027965594
-1.916221978150,-0.984010328026
-1.882293260788,0.408943595105
-1.190109999730,0.054568965217
2.689129856692,-0.741554656516
-2.987357554654,-0.395831686732
-3.088056552041,-0.834469745992
-0.903748788919,0.210489569803
-2.501227930315,-0.811781458669
-2.394308237919,-0.813159983223
-1.439806311323,-1.229382898415
-2.449454231744,0.098951787589
-1.061176151168,0.078189349115
-1.024784945902,-1.460083983159
-0.098502593283,-1.796614600925
3.130644089481,-0.885845463591
2.211487758958,-1.282313491228
3.006717031335,-0.642397918253
-0.305227705028,-1.751298764266
-2.832827544384,-0.813530409890
3.114019159198,-0.746887953104
-0.928994137533,0.421368715232
-2.204807568290,-0.872512135374
1.524328449739,-1.507568803873
2.569476496618,-0.994508829268
-2.901626358486,-0.349436682654
-2.503946932168,-0.795731781874
-2.320507880206,-0.829155627982
-0.451786893406,-1.704266517531
-2.555092862861,-0.803071001515
-2.667210956264,-0.787012211526
-3.074002454108,-0.832986879856
-1.116457403754,0.088290912148
0.229526541851,-1.832906404740
2.767506327177,-1.019833621502
-2.841694086184,-0.299765490972
-1.510616455604,-1.189216832429
-2.129717461033,0.288857397008
-1.225558652215,0.043928349396
-2.590035393248,0.004872376617
-0.904163585412,0.161927822299
-2.504667650594,-0.811375696915
-2.414359699618,-0.809459282585
-1.640557820310,-1.117511701646
-1.790706609171,0.445438501530
-1.147606491612,0.065197883588
1.205225175211,-1.652739394295
2.462511508544,-1.094535367502
-3.007377681982,-0.432247138797
3.082419294031,-0.852273294579
2.166677961647,-1.279273898774
2.979506704394,-0.663590096870
2.623635379238,-1.102511992844
-2.907685634766,-0.355905699776
-2.577670948363,-0.789182974858
-2.723625491229,-0.787961346060
3.078639868602,-0.854559504414
2.173253749684,-1.268310174612
2.989338355161,-0.655759351046
3.138532751566,-0.895139044525
2.213203563221,-1.281802482134
3.008098003184,-0.641314177269
0.480367841895,-1.827471216173
2.588237678370,-1.092925944139
-2.925152792254,-0.369216630153
-2.741917719943,-0.787985328689
3.054366663239,-0.854788663117
2.256771631606,-1.190425126953
3.085074517021,-0.580257879708
-2.100335428648,-0.120208116408
-0.995678865021,0.108580009498
-1.837191922057,-1.021517691859
-1.752240297784,0.459778196126
-1.125671488703,0.071177122082
0.482779511894,-1.826742416767
2.586619788898,-1.093567422771
-2.926392898371,-0.370179662414
-2.752657536811,-0.788521022554
3.043962852064,-0.852856945875
2.300962629034,-1.154336124401
3.134189403980,-0.541808811549
-2.736694560192,-0.438893463219
-1.672086558553,-1.100109209023
-1.742706532917,0.462932144868
-1.119730884374,0.072869117519
0.304117338444,-1.834135208477
2.705808493301,-1.045218023426
-2.853468313275,-0.312025493745
-1.803461577141,-1.031013953157
-1.676846057395,0.484856170355
-1.075677835060,0.086725516479
-0.758748190038,-1.587587853118
-1.695526371872,-1.091671627800
-1.742956215634,0.462877768510
-1.119901726707,0.072820347471
0.309140325420,-1.834126740074
2.701913857255,-1.046823522174
-2.855012530133,-0.313349172995
-1.834592894638,-1.015363482904
-1.692377561996,0.480001532428
-1.086677761763,0.083029381957
-0.534927714755,-1.677714513656
-2.367135507672,-0.827557400868
-1.247525180792,-1.337181602039
2.299620749275,-1.027745972147
-3.084742866644,-0.490677510170
3.112160127772,-0.749777405232
-1.098539565578,0.517536005558
1.809578336279,-1.350815380053
2.743771631117,-0.850380991653
-2.920497963688,-0.349313755342
-2.623675852073,-0.787001235309
-2.922278024481,-0.806651399561
-2.844345891525,-0.507848512816
-2.893648739879,-0.802056997545
-3.001238644710,-0.616484203526
-3.133548735422,-0.717829543865
-1.588088231120,0.009328560143
-0.874275546015,0.229573150064
-2.663974802055,-0.805635148811
-3.107798739698,-0.839487579735
-2.600167360014,-0.002704192916
-0.892479396743,0.173664358514
-2.570890956798,-0.806702141208
-2.761919808897,-0.789818085032
3.037399765775,-0.849560876222
2.321550178936,-1.137843206659
-3.126195782576,-0.524013734445
-2.937937082659,-0.572032775911
3.038901829119,-0.846633989065
2.300389090500,-1.154808568651
3.133547625582,-0.542310263871
-2.730214896681,-0.434847300718
-1.540216919656,-1.172726832031
-2.028176616811,0.341286533675
-1.225669763877,0.045547461244
-2.584243061099,0.008805902201
-0.910742591615,0.155983661474
-2.465990193040,-0.815601097065
-2.167931951446,-0.873746912948
2.540063223155,-0.852300668300
-2.886779984317,-0.334433090488
-2.305573038390,-0.832297096342
-0.182712970740,-1.778648889043
-3.033121307077,-0.852382584857
-1.498849194131,0.022847431897
-0.862609097201,0.313669025752
-2.703770971063,-0.807192893607
3.085562388263,-0.854051885553
2.165970279471,-1.281855164683
2.977732927785,-0.665012189132
2.558251531975,-1.132592337613
-2.961145298639,-0.397375860293
-3.005232731461,-0.819227311626
-2.135045289734,-0.132882833590
-0.987334456430,0.112008232684
-1.913578183996,-0.985230522701
-1.875899436303,0.411654017227
-1.187633500526,0.055166884285
2.607444378048,-0.803103207877
-2.885865940645,-0.328898622037
-2.261339825929,-0.844119832018
0.683688084073,-1.799737733493
2.496947745611,-1.125450992645
-2.998923077020,-0.426186195258
3.106279461679,-0.849750825427
2.245316962984,-1.270711541983
3.034976879738,-0.620228250558
-1.058400222437,0.106765008032
-1.055545324941,-1.444206483341
0.187793765807,-1.830342855515
2.804711993889,-1.004677313437
-2.850184949134,-0.303164695786
-1.669665407872,-1.101324080520
-1.745235880042,0.462042147427
-1.121292547018,0.072420011054
0.350283775217,-1.833622671540
2.671222570605,-1.059456174278
-2.869681155841,-0.325493293957
-2.093550243106,-0.900142864035
-2.732400779705,-0.092798347727
-0.959689627222,0.467795941627
-1.861988767789,-1.009825422328
-1.783232784883,0.448511903916
-1.143645960114,0.066250910248
1.068715635489,-1.702522565142
2.445886304395,-1.118230867777
-3.030288413339,-0.450102913080
3.042444042540,-0.847499474992
2.285721117822,-1.166668498271
3.117265000186,-0.555039442926
-2.550268220814,-0.328586802268
-1.147100597372,0.538463152444
-2.489729760199,0.071670082610
-1.019119479897,0.093068968532
-1.597375585832,-1.146725819901
-1.910322885439,0.396463499822
-1.199908830354,0.052199564203
2.999524414569,-0.504729499112
-1.833359347603,-0.039444952203
-0.974367062340,0.124974137792
-2.023322608938,-0.937417066536
-2.329305995435,0.174743548963
-1.156068513085,0.054423773508
1.485576028136,-1.528162743514
2.551209945790,-1.010306863796
-2.916374470667,-0.361170413645
-2.656339374784,-0.786356302704
-3.038506124499,-0.826276059321
-1.701552878213,-0.010503756023
-0.921757040669,0.164688625596
-2.397384213544,-0.825817856043
-1.613245829499,-1.132491711981
-1.841264826311,0.425640349332
-1.172783344711,0.058785817987
2.097013636181,-1.168218840825
2.992163732036,-0.652142731158
-2.879235069430,-0.829777084420
